"","site","year","class","count","TRT","percent"
"1","101","1408","CCA",2,"REM",0.00746268656716418
"2","101","1408","Corallimorph",198,"REM",0.738805970149254
"3","101","1408","Halimeda",1,"REM",0.00373134328358209
"4","101","1408","Limestone",3,"REM",0.0111940298507463
"5","101","1408","Peyssonnelia",14,"REM",0.0522388059701493
"6","101","1408","Sediment",1,"REM",0.00373134328358209
"7","101","1408","Turf",49,"REM",0.182835820895522
"8","101","1409","Corallimorph",1,"REM",0.00392156862745098
"9","101","1409","Halimeda",1,"REM",0.00392156862745098
"10","101","1409","Limestone",238,"REM",0.933333333333333
"11","101","1409","M. capitata",1,"REM",0.00392156862745098
"12","101","1409","Peyssonnelia",13,"REM",0.0509803921568627
"13","101","1409","Turf",1,"REM",0.00392156862745098
"14","101","1509","CCA",63,"REM",0.199367088607595
"15","101","1509","Caulerpa",13,"REM",0.0411392405063291
"16","101","1509","Corallimorph",7,"REM",0.0221518987341772
"17","101","1509","Limestone",17,"REM",0.0537974683544304
"18","101","1509","Lobophora",4,"REM",0.0126582278481013
"19","101","1509","Montipora spp.",2,"REM",0.00632911392405063
"20","101","1509","Peyssonnelia",4,"REM",0.0126582278481013
"21","101","1509","Red_calc_mac",5,"REM",0.0158227848101266
"22","101","1509","Sediment",3,"REM",0.00949367088607595
"23","101","1509","Turf",198,"REM",0.626582278481013
"24","101","1510","CCA",59,"REM",0.198653198653199
"25","101","1510","Caulerpa",8,"REM",0.0269360269360269
"26","101","1510","Corallimorph",1,"REM",0.00336700336700337
"27","101","1510","Limestone",4,"REM",0.0134680134680135
"28","101","1510","Lobophora",1,"REM",0.00336700336700337
"29","101","1510","Peyssonnelia",2,"REM",0.00673400673400673
"30","101","1510","Turf",222,"REM",0.747474747474748
"31","101","1606","CCA",39,"REM",0.13265306122449
"32","101","1606","Caulerpa",4,"REM",0.0136054421768707
"33","101","1606","Corallimorph",1,"REM",0.00340136054421769
"34","101","1606","Lobophora",3,"REM",0.0102040816326531
"35","101","1606","Peyssonnelia",5,"REM",0.0170068027210884
"36","101","1606","Red_calc_mac",5,"REM",0.0170068027210884
"37","101","1606","Sediment",3,"REM",0.0102040816326531
"38","101","1606","Turf",234,"REM",0.795918367346939
"39","101","1609","CCA",39,"REM",0.13
"40","101","1609","Caulerpa",1,"REM",0.00333333333333333
"41","101","1609","Corallimorph",1,"REM",0.00333333333333333
"42","101","1609","Cyano",1,"REM",0.00333333333333333
"43","101","1609","Galaxaura",1,"REM",0.00333333333333333
"44","101","1609","Lobophora",1,"REM",0.00333333333333333
"45","101","1609","Montipora spp.",2,"REM",0.00666666666666667
"46","101","1609","Peyssonnelia",13,"REM",0.0433333333333333
"47","101","1609","Red_calc_mac",3,"REM",0.01
"48","101","1609","Sediment",1,"REM",0.00333333333333333
"49","101","1609","Turf",237,"REM",0.79
"50","101","1709","CCA",148,"REM",0.505119453924915
"51","101","1709","Corallimorph",1,"REM",0.00341296928327645
"52","101","1709","Limestone",7,"REM",0.0238907849829352
"53","101","1709","Lobophora",7,"REM",0.0238907849829352
"54","101","1709","Montipora spp.",1,"REM",0.00341296928327645
"55","101","1709","P. damicornis",2,"REM",0.0068259385665529
"56","101","1709","Peyssonnelia",20,"REM",0.068259385665529
"57","101","1709","Turf",107,"REM",0.36518771331058
"58","101","1809","CCA",80,"REM",0.268456375838926
"59","101","1809","Corallimorph",5,"REM",0.0167785234899329
"60","101","1809","Montipora spp.",1,"REM",0.00335570469798658
"61","101","1809","P. damicornis",10,"REM",0.0335570469798658
"62","101","1809","Peyssonnelia",8,"REM",0.0268456375838926
"63","101","1809","Sediment",4,"REM",0.0134228187919463
"64","101","1809","Turf",190,"REM",0.63758389261745
"65","101","2019","CCA",168,"REM",0.401913875598086
"66","101","2019","Caulerpa",12,"REM",0.0287081339712919
"67","101","2019","Corallimorph",6,"REM",0.0143540669856459
"68","101","2019","Galaxaura",1,"REM",0.00239234449760766
"69","101","2019","Halimeda",1,"REM",0.00239234449760766
"70","101","2019","Lobophora",29,"REM",0.069377990430622
"71","101","2019","Montipora spp.",3,"REM",0.00717703349282297
"72","101","2019","P. damicornis",19,"REM",0.0454545454545455
"73","101","2019","Peyssonnelia",33,"REM",0.0789473684210526
"74","101","2019","Turf",146,"REM",0.349282296650718
"75","101","2021","CCA",152,"REM",0.380952380952381
"76","101","2021","Corallimorph",3,"REM",0.0075187969924812
"77","101","2021","Galaxaura",3,"REM",0.0075187969924812
"78","101","2021","Halimeda",1,"REM",0.0025062656641604
"79","101","2021","Lobophora",32,"REM",0.0802005012531328
"80","101","2021","M. capitata",2,"REM",0.0050125313283208
"81","101","2021","Montipora spp.",2,"REM",0.0050125313283208
"82","101","2021","P. damicornis",34,"REM",0.0852130325814536
"83","101","2021","Peyssonnelia",41,"REM",0.102756892230576
"84","101","2021","Sediment",2,"REM",0.0050125313283208
"85","101","2021","Turf",127,"REM",0.318295739348371
"86","103","1408","CCA",13,"RAN",0.0616113744075829
"87","103","1408","Corallimorph",122,"RAN",0.578199052132701
"88","103","1408","Peyssonnelia",13,"RAN",0.0616113744075829
"89","103","1408","Turf",63,"RAN",0.298578199052133
"90","103","1409","A. acuminata",2,"RAN",0.00869565217391304
"91","103","1409","Limestone",221,"RAN",0.960869565217391
"92","103","1409","Peyssonnelia",7,"RAN",0.0304347826086957
"93","103","1509","A. acuminata",1,"RAN",0.0032258064516129
"94","103","1509","CCA",43,"RAN",0.138709677419355
"95","103","1509","Caulerpa",11,"RAN",0.0354838709677419
"96","103","1509","Corallimorph",8,"RAN",0.0258064516129032
"97","103","1509","Galaxaura",3,"RAN",0.00967741935483871
"98","103","1509","M. capitata",1,"RAN",0.0032258064516129
"99","103","1509","P. damicornis",1,"RAN",0.0032258064516129
"100","103","1509","Peyssonnelia",17,"RAN",0.0548387096774194
"101","103","1509","Red_calc_mac",1,"RAN",0.0032258064516129
"102","103","1509","Sediment",2,"RAN",0.00645161290322581
"103","103","1509","Turf",222,"RAN",0.716129032258065
"104","103","1510","A. acuminata",2,"RAN",0.00645161290322581
"105","103","1510","CCA",17,"RAN",0.0548387096774194
"106","103","1510","Caulerpa",7,"RAN",0.0225806451612903
"107","103","1510","Corallimorph",1,"RAN",0.0032258064516129
"108","103","1510","Limestone",1,"RAN",0.0032258064516129
"109","103","1510","Lobophora",1,"RAN",0.0032258064516129
"110","103","1510","P. damicornis",1,"RAN",0.0032258064516129
"111","103","1510","Peyssonnelia",5,"RAN",0.0161290322580645
"112","103","1510","Red_calc_mac",2,"RAN",0.00645161290322581
"113","103","1510","Sediment",4,"RAN",0.0129032258064516
"114","103","1510","Turf",269,"RAN",0.867741935483871
"115","103","1606","A. acuminata",3,"RAN",0.00958466453674121
"116","103","1606","CCA",11,"RAN",0.0351437699680511
"117","103","1606","Corallimorph",1,"RAN",0.00319488817891374
"118","103","1606","M. capitata",3,"RAN",0.00958466453674121
"119","103","1606","P. damicornis",2,"RAN",0.00638977635782748
"120","103","1606","Peyssonnelia",8,"RAN",0.0255591054313099
"121","103","1606","Red_calc_mac",7,"RAN",0.0223642172523962
"122","103","1606","Sediment",5,"RAN",0.0159744408945687
"123","103","1606","Turf",273,"RAN",0.87220447284345
"124","103","1609","A. acuminata",5,"RAN",0.0159744408945687
"125","103","1609","CCA",10,"RAN",0.0319488817891374
"126","103","1609","Corallimorph",1,"RAN",0.00319488817891374
"127","103","1609","Galaxaura",1,"RAN",0.00319488817891374
"128","103","1609","Lobophora",1,"RAN",0.00319488817891374
"129","103","1609","M. capitata",1,"RAN",0.00319488817891374
"130","103","1609","P. damicornis",2,"RAN",0.00638977635782748
"131","103","1609","Red_calc_mac",7,"RAN",0.0223642172523962
"132","103","1609","Turf",285,"RAN",0.910543130990415
"133","103","1709","A. acuminata",8,"RAN",0.0264900662251656
"134","103","1709","CCA",60,"RAN",0.198675496688742
"135","103","1709","Corallimorph",1,"RAN",0.0033112582781457
"136","103","1709","Galaxaura",6,"RAN",0.0198675496688742
"137","103","1709","Lobophora",3,"RAN",0.00993377483443709
"138","103","1709","M. capitata",4,"RAN",0.0132450331125828
"139","103","1709","P. damicornis",2,"RAN",0.00662251655629139
"140","103","1709","Peyssonnelia",58,"RAN",0.19205298013245
"141","103","1709","Psammocora spp.",1,"RAN",0.0033112582781457
"142","103","1709","Sediment",2,"RAN",0.00662251655629139
"143","103","1709","Turf",157,"RAN",0.519867549668874
"144","103","1809","A. acuminata",23,"RAN",0.0759075907590759
"145","103","1809","CCA",75,"RAN",0.247524752475248
"146","103","1809","Caulerpa",1,"RAN",0.0033003300330033
"147","103","1809","Hydnophora",1,"RAN",0.0033003300330033
"148","103","1809","M. capitata",4,"RAN",0.0132013201320132
"149","103","1809","P. damicornis",6,"RAN",0.0198019801980198
"150","103","1809","Peyssonnelia",15,"RAN",0.0495049504950495
"151","103","1809","Psammocora spp.",1,"RAN",0.0033003300330033
"152","103","1809","Turf",177,"RAN",0.584158415841584
"153","103","2019","A. acuminata",38,"RAN",0.113432835820896
"154","103","2019","CCA",90,"RAN",0.26865671641791
"155","103","2019","Caulerpa",7,"RAN",0.0208955223880597
"156","103","2019","Corallimorph",1,"RAN",0.00298507462686567
"157","103","2019","Lobophora",18,"RAN",0.0537313432835821
"158","103","2019","M. capitata",6,"RAN",0.017910447761194
"159","103","2019","P. damicornis",8,"RAN",0.0238805970149254
"160","103","2019","Peyssonnelia",16,"RAN",0.0477611940298507
"161","103","2019","Turf",151,"RAN",0.450746268656716
"162","103","2020","A. acuminata",57,"RAN",0.129545454545455
"163","103","2020","CCA",116,"RAN",0.263636363636364
"164","103","2020","Corallimorph",4,"RAN",0.00909090909090909
"165","103","2020","Halimeda",2,"RAN",0.00454545454545455
"166","103","2020","Lobophora",11,"RAN",0.025
"167","103","2020","M. capitata",2,"RAN",0.00454545454545455
"168","103","2020","P. damicornis",16,"RAN",0.0363636363636364
"169","103","2020","Peyssonnelia",42,"RAN",0.0954545454545455
"170","103","2020","Turf",190,"RAN",0.431818181818182
"171","103","2022","A. acuminata",63,"RAN",0.147540983606557
"172","103","2022","CCA",115,"RAN",0.269320843091335
"173","103","2022","Caulerpa",3,"RAN",0.00702576112412178
"174","103","2022","Corallimorph",3,"RAN",0.00702576112412178
"175","103","2022","Halimeda",2,"RAN",0.00468384074941452
"176","103","2022","Lobophora",46,"RAN",0.107728337236534
"177","103","2022","M. capitata",5,"RAN",0.0117096018735363
"178","103","2022","P. damicornis",34,"RAN",0.0796252927400468
"179","103","2022","Peyssonnelia",11,"RAN",0.0257611241217799
"180","103","2022","Sediment",1,"RAN",0.00234192037470726
"181","103","2022","Turf",144,"RAN",0.337236533957845
"182","105","1408","CCA",3,"BYSP",0.0115384615384615
"183","105","1408","Corallimorph",140,"BYSP",0.538461538461538
"184","105","1408","Galaxaura",3,"BYSP",0.0115384615384615
"185","105","1408","Limestone",7,"BYSP",0.0269230769230769
"186","105","1408","Peyssonnelia",13,"BYSP",0.05
"187","105","1408","Red_calc_mac",1,"BYSP",0.00384615384615385
"188","105","1408","Sediment",18,"BYSP",0.0692307692307692
"189","105","1408","Turf",75,"BYSP",0.288461538461538
"190","105","1409","Limestone",233,"BYSP",0.970833333333333
"191","105","1409","Peyssonnelia",5,"BYSP",0.0208333333333333
"192","105","1409","Turf",2,"BYSP",0.00833333333333333
"193","105","1509","A. acuminata",3,"BYSP",0.0101010101010101
"194","105","1509","CCA",17,"BYSP",0.0572390572390572
"195","105","1509","Caulerpa",15,"BYSP",0.0505050505050505
"196","105","1509","Corallimorph",4,"BYSP",0.0134680134680135
"197","105","1509","Galaxaura",4,"BYSP",0.0134680134680135
"198","105","1509","Limestone",3,"BYSP",0.0101010101010101
"199","105","1509","Lobophora",1,"BYSP",0.00336700336700337
"200","105","1509","P. damicornis",1,"BYSP",0.00336700336700337
"201","105","1509","Peyssonnelia",1,"BYSP",0.00336700336700337
"202","105","1509","Red_calc_mac",4,"BYSP",0.0134680134680135
"203","105","1509","Sediment",11,"BYSP",0.037037037037037
"204","105","1509","Turf",233,"BYSP",0.784511784511784
"205","105","1510","A. acuminata",4,"BYSP",0.0136518771331058
"206","105","1510","CCA",6,"BYSP",0.0204778156996587
"207","105","1510","Caulerpa",15,"BYSP",0.0511945392491468
"208","105","1510","Galaxaura",1,"BYSP",0.00341296928327645
"209","105","1510","Limestone",1,"BYSP",0.00341296928327645
"210","105","1510","M. capitata",2,"BYSP",0.0068259385665529
"211","105","1510","P. damicornis",3,"BYSP",0.0102389078498294
"212","105","1510","Peyssonnelia",2,"BYSP",0.0068259385665529
"213","105","1510","Red_calc_mac",1,"BYSP",0.00341296928327645
"214","105","1510","Sediment",14,"BYSP",0.0477815699658703
"215","105","1510","Turf",244,"BYSP",0.832764505119454
"216","105","1606","A. acuminata",7,"BYSP",0.023489932885906
"217","105","1606","CCA",2,"BYSP",0.00671140939597315
"218","105","1606","Corallimorph",2,"BYSP",0.00671140939597315
"219","105","1606","Limestone",2,"BYSP",0.00671140939597315
"220","105","1606","M. capitata",3,"BYSP",0.0100671140939597
"221","105","1606","Peyssonnelia",3,"BYSP",0.0100671140939597
"222","105","1606","Red_calc_mac",2,"BYSP",0.00671140939597315
"223","105","1606","Sediment",9,"BYSP",0.0302013422818792
"224","105","1606","Turf",268,"BYSP",0.899328859060403
"225","105","1609","A. acuminata",8,"BYSP",0.0271186440677966
"226","105","1609","CCA",15,"BYSP",0.0508474576271186
"227","105","1609","Caulerpa",2,"BYSP",0.00677966101694915
"228","105","1609","Corallimorph",1,"BYSP",0.00338983050847458
"229","105","1609","Galaxaura",2,"BYSP",0.00677966101694915
"230","105","1609","Limestone",1,"BYSP",0.00338983050847458
"231","105","1609","M. capitata",1,"BYSP",0.00338983050847458
"232","105","1609","Montipora spp.",2,"BYSP",0.00677966101694915
"233","105","1609","P. damicornis",1,"BYSP",0.00338983050847458
"234","105","1609","Peyssonnelia",5,"BYSP",0.0169491525423729
"235","105","1609","Red_calc_mac",1,"BYSP",0.00338983050847458
"236","105","1609","Turf",256,"BYSP",0.867796610169492
"237","105","1709","A. acuminata",19,"BYSP",0.0664335664335664
"238","105","1709","CCA",64,"BYSP",0.223776223776224
"239","105","1709","Corallimorph",1,"BYSP",0.0034965034965035
"240","105","1709","Galaxaura",10,"BYSP",0.034965034965035
"241","105","1709","Limestone",1,"BYSP",0.0034965034965035
"242","105","1709","Lobophora",2,"BYSP",0.00699300699300699
"243","105","1709","M. capitata",2,"BYSP",0.00699300699300699
"244","105","1709","Montipora spp.",1,"BYSP",0.0034965034965035
"245","105","1709","P. damicornis",4,"BYSP",0.013986013986014
"246","105","1709","Peyssonnelia",13,"BYSP",0.0454545454545455
"247","105","1709","Sediment",3,"BYSP",0.0104895104895105
"248","105","1709","Turf",166,"BYSP",0.58041958041958
"249","105","1809","A. acuminata",31,"BYSP",0.108391608391608
"250","105","1809","CCA",38,"BYSP",0.132867132867133
"251","105","1809","Cyano",1,"BYSP",0.0034965034965035
"252","105","1809","M. capitata",7,"BYSP",0.0244755244755245
"253","105","1809","P. damicornis",6,"BYSP",0.020979020979021
"254","105","1809","Peyssonnelia",6,"BYSP",0.020979020979021
"255","105","1809","Turf",197,"BYSP",0.688811188811189
"256","105","2019","A. acuminata",52,"BYSP",0.163009404388715
"257","105","2019","CCA",95,"BYSP",0.297805642633229
"258","105","2019","Caulerpa",5,"BYSP",0.0156739811912226
"259","105","2019","Lobophora",1,"BYSP",0.00313479623824451
"260","105","2019","M. capitata",14,"BYSP",0.0438871473354232
"261","105","2019","P. damicornis",5,"BYSP",0.0156739811912226
"262","105","2019","Peyssonnelia",18,"BYSP",0.0564263322884013
"263","105","2019","Turf",129,"BYSP",0.404388714733542
"264","105","2021","A. acuminata",49,"BYSP",0.152173913043478
"265","105","2021","CCA",43,"BYSP",0.133540372670807
"266","105","2021","Corallimorph",2,"BYSP",0.0062111801242236
"267","105","2021","Galaxaura",5,"BYSP",0.015527950310559
"268","105","2021","M. capitata",17,"BYSP",0.0527950310559006
"269","105","2021","Montipora spp.",3,"BYSP",0.0093167701863354
"270","105","2021","P. damicornis",16,"BYSP",0.0496894409937888
"271","105","2021","Pavona spp.",3,"BYSP",0.0093167701863354
"272","105","2021","Peyssonnelia",11,"BYSP",0.0341614906832298
"273","105","2021","Sediment",2,"BYSP",0.0062111801242236
"274","105","2021","Turf",171,"BYSP",0.531055900621118
"275","107","1408","CCA",30,"XSP",0.113207547169811
"276","107","1408","Corallimorph",164,"XSP",0.618867924528302
"277","107","1408","Peyssonnelia",15,"XSP",0.0566037735849057
"278","107","1408","Turf",56,"XSP",0.211320754716981
"279","107","1409","A. acuminata",3,"XSP",0.0112781954887218
"280","107","1409","Cyano",1,"XSP",0.0037593984962406
"281","107","1409","Dictyota",1,"XSP",0.0037593984962406
"282","107","1409","Hydnophora",1,"XSP",0.0037593984962406
"283","107","1409","Leptastrea",1,"XSP",0.0037593984962406
"284","107","1409","Limestone",223,"XSP",0.838345864661654
"285","107","1409","Lobophora",1,"XSP",0.0037593984962406
"286","107","1409","Montipora spp.",1,"XSP",0.0037593984962406
"287","107","1409","P. damicornis",2,"XSP",0.0075187969924812
"288","107","1409","Peyssonnelia",26,"XSP",0.0977443609022556
"289","107","1409","Pocillopora spp.",1,"XSP",0.0037593984962406
"290","107","1409","Psammocora spp.",1,"XSP",0.0037593984962406
"291","107","1409","Turf",4,"XSP",0.0150375939849624
"292","107","1509","A. acuminata",7,"XSP",0.0233333333333333
"293","107","1509","CCA",77,"XSP",0.256666666666667
"294","107","1509","Caulerpa",9,"XSP",0.03
"295","107","1509","Corallimorph",2,"XSP",0.00666666666666667
"296","107","1509","Galaxaura",2,"XSP",0.00666666666666667
"297","107","1509","Peyssonnelia",9,"XSP",0.03
"298","107","1509","Red_calc_mac",4,"XSP",0.0133333333333333
"299","107","1509","Turf",190,"XSP",0.633333333333333
"300","107","1510","A. acuminata",5,"XSP",0.0168350168350168
"301","107","1510","CCA",45,"XSP",0.151515151515152
"302","107","1510","Caulerpa",5,"XSP",0.0168350168350168
"303","107","1510","Corallimorph",1,"XSP",0.00336700336700337
"304","107","1510","Galaxaura",2,"XSP",0.00673400673400673
"305","107","1510","M. capitata",1,"XSP",0.00336700336700337
"306","107","1510","P. damicornis",2,"XSP",0.00673400673400673
"307","107","1510","Peyssonnelia",1,"XSP",0.00336700336700337
"308","107","1510","Sediment",3,"XSP",0.0101010101010101
"309","107","1510","Turf",232,"XSP",0.781144781144781
"310","107","1606","A. acuminata",9,"XSP",0.0298013245033113
"311","107","1606","CCA",25,"XSP",0.0827814569536424
"312","107","1606","Corallimorph",3,"XSP",0.00993377483443709
"313","107","1606","Galaxaura",1,"XSP",0.0033112582781457
"314","107","1606","Limestone",1,"XSP",0.0033112582781457
"315","107","1606","Lobophora",3,"XSP",0.00993377483443709
"316","107","1606","M. capitata",2,"XSP",0.00662251655629139
"317","107","1606","P. damicornis",1,"XSP",0.0033112582781457
"318","107","1606","Peyssonnelia",10,"XSP",0.033112582781457
"319","107","1606","Red_calc_mac",7,"XSP",0.0231788079470199
"320","107","1606","Turf",240,"XSP",0.794701986754967
"321","107","1609","A. acuminata",10,"XSP",0.0336700336700337
"322","107","1609","CCA",51,"XSP",0.171717171717172
"323","107","1609","Corallimorph",1,"XSP",0.00336700336700337
"324","107","1609","Galaxaura",2,"XSP",0.00673400673400673
"325","107","1609","M. capitata",3,"XSP",0.0101010101010101
"326","107","1609","P. damicornis",2,"XSP",0.00673400673400673
"327","107","1609","Peyssonnelia",6,"XSP",0.0202020202020202
"328","107","1609","Red_calc_mac",3,"XSP",0.0101010101010101
"329","107","1609","Turf",219,"XSP",0.737373737373737
"330","107","1709","A. acuminata",33,"XSP",0.102167182662539
"331","107","1709","CCA",95,"XSP",0.294117647058824
"332","107","1709","Corallimorph",5,"XSP",0.0154798761609907
"333","107","1709","Galaxaura",1,"XSP",0.00309597523219814
"334","107","1709","Limestone",1,"XSP",0.00309597523219814
"335","107","1709","Lobophora",1,"XSP",0.00309597523219814
"336","107","1709","M. capitata",1,"XSP",0.00309597523219814
"337","107","1709","P. damicornis",6,"XSP",0.0185758513931889
"338","107","1709","Peyssonnelia",30,"XSP",0.0928792569659443
"339","107","1709","Sediment",1,"XSP",0.00309597523219814
"340","107","1709","Turf",149,"XSP",0.461300309597523
"341","107","1809","A. acuminata",40,"XSP",0.136518771331058
"342","107","1809","CCA",56,"XSP",0.191126279863481
"343","107","1809","Corallimorph",4,"XSP",0.0136518771331058
"344","107","1809","M. capitata",3,"XSP",0.0102389078498294
"345","107","1809","Montipora spp.",1,"XSP",0.00341296928327645
"346","107","1809","P. damicornis",12,"XSP",0.0409556313993174
"347","107","1809","Peyssonnelia",5,"XSP",0.0170648464163823
"348","107","1809","Turf",172,"XSP",0.587030716723549
"349","107","2019","A. acuminata",69,"XSP",0.214953271028037
"350","107","2019","CCA",88,"XSP",0.274143302180685
"351","107","2019","Caulerpa",1,"XSP",0.00311526479750779
"352","107","2019","Corallimorph",4,"XSP",0.0124610591900312
"353","107","2019","Lobophora",9,"XSP",0.0280373831775701
"354","107","2019","M. capitata",3,"XSP",0.00934579439252336
"355","107","2019","P. damicornis",21,"XSP",0.0654205607476635
"356","107","2019","Peyssonnelia",7,"XSP",0.0218068535825545
"357","107","2019","Pocillopora spp.",2,"XSP",0.00623052959501558
"358","107","2019","Turf",117,"XSP",0.364485981308411
"359","107","2020","A. acuminata",67,"XSP",0.242753623188406
"360","107","2020","CCA",37,"XSP",0.134057971014493
"361","107","2020","Galaxaura",2,"XSP",0.0072463768115942
"362","107","2020","Halimeda",3,"XSP",0.0108695652173913
"363","107","2020","M. capitata",5,"XSP",0.0181159420289855
"364","107","2020","Montipora spp.",1,"XSP",0.0036231884057971
"365","107","2020","P. damicornis",28,"XSP",0.101449275362319
"366","107","2020","Peyssonnelia",21,"XSP",0.0760869565217391
"367","107","2020","Turf",112,"XSP",0.405797101449275
"368","107","2022","A. acuminata",87,"XSP",0.292929292929293
"369","107","2022","CCA",31,"XSP",0.104377104377104
"370","107","2022","Corallimorph",5,"XSP",0.0168350168350168
"371","107","2022","Galaxaura",2,"XSP",0.00673400673400673
"372","107","2022","Lobophora",3,"XSP",0.0101010101010101
"373","107","2022","M. capitata",7,"XSP",0.0235690235690236
"374","107","2022","Montipora spp.",1,"XSP",0.00336700336700337
"375","107","2022","P. damicornis",10,"XSP",0.0336700336700337
"376","107","2022","Peyssonnelia",6,"XSP",0.0202020202020202
"377","107","2022","Turf",145,"XSP",0.488215488215488
"378","109","1408","CCA",1,"RAN",0.0036101083032491
"379","109","1408","Corallimorph",250,"RAN",0.902527075812274
"380","109","1408","Limestone",4,"RAN",0.0144404332129964
"381","109","1408","Peyssonnelia",2,"RAN",0.0072202166064982
"382","109","1408","Turf",20,"RAN",0.0722021660649819
"383","109","1409","A. acuminata",3,"RAN",0.0121951219512195
"384","109","1409","Limestone",240,"RAN",0.975609756097561
"385","109","1409","P. damicornis",2,"RAN",0.00813008130081301
"386","109","1409","Peyssonnelia",1,"RAN",0.0040650406504065
"387","109","1509","A. acuminata",7,"RAN",0.0225806451612903
"388","109","1509","CCA",84,"RAN",0.270967741935484
"389","109","1509","Caulerpa",5,"RAN",0.0161290322580645
"390","109","1509","Corallimorph",3,"RAN",0.00967741935483871
"391","109","1509","M. capitata",1,"RAN",0.0032258064516129
"392","109","1509","P. damicornis",1,"RAN",0.0032258064516129
"393","109","1509","Peyssonnelia",5,"RAN",0.0161290322580645
"394","109","1509","Sediment",1,"RAN",0.0032258064516129
"395","109","1509","Turf",203,"RAN",0.654838709677419
"396","109","1510","A. acuminata",7,"RAN",0.0229508196721311
"397","109","1510","CCA",63,"RAN",0.20655737704918
"398","109","1510","Caulerpa",10,"RAN",0.0327868852459016
"399","109","1510","Limestone",1,"RAN",0.00327868852459016
"400","109","1510","P. damicornis",2,"RAN",0.00655737704918033
"401","109","1510","Peyssonnelia",1,"RAN",0.00327868852459016
"402","109","1510","Sediment",1,"RAN",0.00327868852459016
"403","109","1510","Turf",220,"RAN",0.721311475409836
"404","109","1606","A. acuminata",9,"RAN",0.0286624203821656
"405","109","1606","CCA",57,"RAN",0.181528662420382
"406","109","1606","Caulerpa",1,"RAN",0.00318471337579618
"407","109","1606","M. capitata",2,"RAN",0.00636942675159236
"408","109","1606","Peyssonnelia",4,"RAN",0.0127388535031847
"409","109","1606","Turf",241,"RAN",0.767515923566879
"410","109","1609","A. acuminata",10,"RAN",0.0317460317460317
"411","109","1609","CCA",113,"RAN",0.358730158730159
"412","109","1609","Caulerpa",3,"RAN",0.00952380952380952
"413","109","1609","Corallimorph",3,"RAN",0.00952380952380952
"414","109","1609","M. capitata",2,"RAN",0.00634920634920635
"415","109","1609","P. damicornis",1,"RAN",0.00317460317460317
"416","109","1609","Peyssonnelia",3,"RAN",0.00952380952380952
"417","109","1609","Sediment",1,"RAN",0.00317460317460317
"418","109","1609","Turf",179,"RAN",0.568253968253968
"419","109","1709","A. acuminata",19,"RAN",0.0595611285266458
"420","109","1709","CCA",74,"RAN",0.231974921630094
"421","109","1709","Corallimorph",2,"RAN",0.00626959247648903
"422","109","1709","M. capitata",2,"RAN",0.00626959247648903
"423","109","1709","P. damicornis",3,"RAN",0.00940438871473354
"424","109","1709","Peyssonnelia",24,"RAN",0.0752351097178683
"425","109","1709","Sediment",4,"RAN",0.0125391849529781
"426","109","1709","Turf",191,"RAN",0.598746081504702
"427","109","1809","A. acuminata",29,"RAN",0.0926517571884984
"428","109","1809","CCA",60,"RAN",0.191693290734824
"429","109","1809","Leptastrea",1,"RAN",0.00319488817891374
"430","109","1809","M. capitata",2,"RAN",0.00638977635782748
"431","109","1809","P. damicornis",6,"RAN",0.0191693290734824
"432","109","1809","Peyssonnelia",19,"RAN",0.060702875399361
"433","109","1809","Sediment",1,"RAN",0.00319488817891374
"434","109","1809","Turf",195,"RAN",0.623003194888179
"435","109","2019","A. acuminata",53,"RAN",0.167192429022082
"436","109","2019","CCA",82,"RAN",0.258675078864353
"437","109","2019","Caulerpa",8,"RAN",0.0252365930599369
"438","109","2019","Corallimorph",1,"RAN",0.00315457413249211
"439","109","2019","Lobophora",7,"RAN",0.0220820189274448
"440","109","2019","M. capitata",1,"RAN",0.00315457413249211
"441","109","2019","P. damicornis",7,"RAN",0.0220820189274448
"442","109","2019","Peyssonnelia",16,"RAN",0.0504731861198738
"443","109","2019","Pocillopora spp.",4,"RAN",0.0126182965299685
"444","109","2019","Turf",138,"RAN",0.435331230283912
"445","109","2021","A. acuminata",96,"RAN",0.302839116719243
"446","109","2021","CCA",66,"RAN",0.20820189274448
"447","109","2021","Corallimorph",8,"RAN",0.0252365930599369
"448","109","2021","Lobophora",2,"RAN",0.00630914826498423
"449","109","2021","M. capitata",2,"RAN",0.00630914826498423
"450","109","2021","P. damicornis",12,"RAN",0.0378548895899054
"451","109","2021","Peyssonnelia",20,"RAN",0.0630914826498423
"452","109","2021","Sediment",2,"RAN",0.00630914826498423
"453","109","2021","Turf",109,"RAN",0.34384858044164
"454","111","1408","CCA",4,"REM",0.0156862745098039
"455","111","1408","Corallimorph",198,"REM",0.776470588235294
"456","111","1408","Limestone",9,"REM",0.0352941176470588
"457","111","1408","Peyssonnelia",17,"REM",0.0666666666666667
"458","111","1408","Sediment",4,"REM",0.0156862745098039
"459","111","1408","Turf",23,"REM",0.0901960784313725
"460","111","1409","Limestone",235,"REM",0.98326359832636
"461","111","1409","Peyssonnelia",4,"REM",0.0167364016736402
"462","111","1509","CCA",125,"REM",0.403225806451613
"463","111","1509","Caulerpa",14,"REM",0.0451612903225806
"464","111","1509","Corallimorph",4,"REM",0.0129032258064516
"465","111","1509","Lobophora",4,"REM",0.0129032258064516
"466","111","1509","Peyssonnelia",13,"REM",0.0419354838709677
"467","111","1509","Red_calc_mac",2,"REM",0.00645161290322581
"468","111","1509","Turf",148,"REM",0.47741935483871
"469","111","1510","CCA",119,"REM",0.383870967741935
"470","111","1510","Caulerpa",12,"REM",0.0387096774193548
"471","111","1510","Lobophora",1,"REM",0.0032258064516129
"472","111","1510","Peyssonnelia",11,"REM",0.0354838709677419
"473","111","1510","Red_calc_mac",5,"REM",0.0161290322580645
"474","111","1510","Turf",162,"REM",0.52258064516129
"475","111","1606","CCA",123,"REM",0.394230769230769
"476","111","1606","Caulerpa",5,"REM",0.016025641025641
"477","111","1606","Peyssonnelia",23,"REM",0.0737179487179487
"478","111","1606","Red_calc_mac",1,"REM",0.00320512820512821
"479","111","1606","Turf",160,"REM",0.512820512820513
"480","111","1609","CCA",123,"REM",0.394230769230769
"481","111","1609","Caulerpa",5,"REM",0.016025641025641
"482","111","1609","Peyssonnelia",23,"REM",0.0737179487179487
"483","111","1609","Red_calc_mac",1,"REM",0.00320512820512821
"484","111","1609","Turf",160,"REM",0.512820512820513
"485","111","1709","CCA",132,"REM",0.455172413793103
"486","111","1709","Corallimorph",1,"REM",0.00344827586206897
"487","111","1709","Halimeda",1,"REM",0.00344827586206897
"488","111","1709","P. damicornis",1,"REM",0.00344827586206897
"489","111","1709","Peyssonnelia",53,"REM",0.182758620689655
"490","111","1709","Turf",102,"REM",0.351724137931034
"491","111","1809","CCA",105,"REM",0.344262295081967
"492","111","1809","Corallimorph",3,"REM",0.00983606557377049
"493","111","1809","P. damicornis",3,"REM",0.00983606557377049
"494","111","1809","Peyssonnelia",12,"REM",0.039344262295082
"495","111","1809","Turf",182,"REM",0.59672131147541
"496","111","2019","CCA",118,"REM",0.418439716312057
"497","111","2019","Caulerpa",1,"REM",0.00354609929078014
"498","111","2019","Corallimorph",5,"REM",0.0177304964539007
"499","111","2019","Galaxaura",2,"REM",0.00709219858156028
"500","111","2019","Halimeda",1,"REM",0.00354609929078014
"501","111","2019","Lobophora",44,"REM",0.156028368794326
"502","111","2019","P. damicornis",3,"REM",0.0106382978723404
"503","111","2019","Peyssonnelia",29,"REM",0.102836879432624
"504","111","2019","Turf",79,"REM",0.280141843971631
"505","111","2020","CCA",185,"REM",0.560606060606061
"506","111","2020","Caulerpa",1,"REM",0.00303030303030303
"507","111","2020","Corallimorph",4,"REM",0.0121212121212121
"508","111","2020","Galaxaura",1,"REM",0.00303030303030303
"509","111","2020","Lobophora",13,"REM",0.0393939393939394
"510","111","2020","P. damicornis",20,"REM",0.0606060606060606
"511","111","2020","Peyssonnelia",30,"REM",0.0909090909090909
"512","111","2020","Turf",76,"REM",0.23030303030303
"513","111","2022","CCA",193,"REM",0.576119402985075
"514","111","2022","Corallimorph",8,"REM",0.0238805970149254
"515","111","2022","Halimeda",1,"REM",0.00298507462686567
"516","111","2022","Lobophora",9,"REM",0.026865671641791
"517","111","2022","P. damicornis",36,"REM",0.107462686567164
"518","111","2022","Peyssonnelia",47,"REM",0.140298507462687
"519","111","2022","Turf",41,"REM",0.122388059701493
"520","113","1408","CCA",1,"XSP",0.00409836065573771
"521","113","1408","Corallimorph",178,"XSP",0.729508196721312
"522","113","1408","Limestone",2,"XSP",0.00819672131147541
"523","113","1408","Peyssonnelia",9,"XSP",0.0368852459016393
"524","113","1408","Red_calc_mac",1,"XSP",0.00409836065573771
"525","113","1408","Sediment",1,"XSP",0.00409836065573771
"526","113","1408","Turf",52,"XSP",0.213114754098361
"527","113","1409","A. acuminata",1,"XSP",0.00383141762452107
"528","113","1409","Limestone",258,"XSP",0.988505747126437
"529","113","1409","M. capitata",1,"XSP",0.00383141762452107
"530","113","1409","P. damicornis",1,"XSP",0.00383141762452107
"531","113","1509","A. acuminata",4,"XSP",0.0129449838187702
"532","113","1509","CCA",92,"XSP",0.297734627831715
"533","113","1509","Caulerpa",6,"XSP",0.0194174757281553
"534","113","1509","Corallimorph",5,"XSP",0.0161812297734628
"535","113","1509","Dictyota",1,"XSP",0.00323624595469256
"536","113","1509","M. capitata",4,"XSP",0.0129449838187702
"537","113","1509","Peyssonnelia",9,"XSP",0.029126213592233
"538","113","1509","Turf",188,"XSP",0.608414239482201
"539","113","1510","A. acuminata",7,"XSP",0.0233333333333333
"540","113","1510","CCA",68,"XSP",0.226666666666667
"541","113","1510","Caulerpa",8,"XSP",0.0266666666666667
"542","113","1510","M. capitata",4,"XSP",0.0133333333333333
"543","113","1510","P. damicornis",2,"XSP",0.00666666666666667
"544","113","1510","Peyssonnelia",1,"XSP",0.00333333333333333
"545","113","1510","Red_calc_mac",1,"XSP",0.00333333333333333
"546","113","1510","Sediment",1,"XSP",0.00333333333333333
"547","113","1510","Turf",208,"XSP",0.693333333333333
"548","113","1606","A. acuminata",9,"XSP",0.0295081967213115
"549","113","1606","CCA",37,"XSP",0.121311475409836
"550","113","1606","Caulerpa",5,"XSP",0.0163934426229508
"551","113","1606","Corallimorph",1,"XSP",0.00327868852459016
"552","113","1606","M. capitata",4,"XSP",0.0131147540983607
"553","113","1606","P. damicornis",2,"XSP",0.00655737704918033
"554","113","1606","Peyssonnelia",9,"XSP",0.0295081967213115
"555","113","1606","Sediment",3,"XSP",0.00983606557377049
"556","113","1606","Turf",235,"XSP",0.770491803278688
"557","113","1609","A. acuminata",6,"XSP",0.0202020202020202
"558","113","1609","CCA",55,"XSP",0.185185185185185
"559","113","1609","Caulerpa",3,"XSP",0.0101010101010101
"560","113","1609","Galaxaura",1,"XSP",0.00336700336700337
"561","113","1609","M. capitata",4,"XSP",0.0134680134680135
"562","113","1609","P. damicornis",3,"XSP",0.0101010101010101
"563","113","1609","Peyssonnelia",3,"XSP",0.0101010101010101
"564","113","1609","Red_calc_mac",3,"XSP",0.0101010101010101
"565","113","1609","Turf",219,"XSP",0.737373737373737
"566","113","1709","A. acuminata",21,"XSP",0.0688524590163934
"567","113","1709","CCA",101,"XSP",0.331147540983607
"568","113","1709","Galaxaura",1,"XSP",0.00327868852459016
"569","113","1709","Lobophora",2,"XSP",0.00655737704918033
"570","113","1709","M. capitata",5,"XSP",0.0163934426229508
"571","113","1709","P. damicornis",3,"XSP",0.00983606557377049
"572","113","1709","Peyssonnelia",13,"XSP",0.0426229508196721
"573","113","1709","Turf",159,"XSP",0.521311475409836
"574","113","1809","A. acuminata",27,"XSP",0.0891089108910891
"575","113","1809","CCA",57,"XSP",0.188118811881188
"576","113","1809","M. capitata",4,"XSP",0.0132013201320132
"577","113","1809","P. damicornis",7,"XSP",0.0231023102310231
"578","113","1809","Peyssonnelia",20,"XSP",0.066006600660066
"579","113","1809","Turf",188,"XSP",0.62046204620462
"580","113","2019","A. acuminata",36,"XSP",0.113207547169811
"581","113","2019","CCA",123,"XSP",0.386792452830189
"582","113","2019","Caulerpa",6,"XSP",0.0188679245283019
"583","113","2019","Galaxaura",1,"XSP",0.00314465408805031
"584","113","2019","Lobophora",5,"XSP",0.0157232704402516
"585","113","2019","M. capitata",4,"XSP",0.0125786163522013
"586","113","2019","Montipora spp.",1,"XSP",0.00314465408805031
"587","113","2019","P. damicornis",10,"XSP",0.0314465408805031
"588","113","2019","Peyssonnelia",22,"XSP",0.0691823899371069
"589","113","2019","Pocillopora spp.",1,"XSP",0.00314465408805031
"590","113","2019","Turf",109,"XSP",0.342767295597484
"591","113","2021","A. acuminata",68,"XSP",0.272
"592","113","2021","CCA",56,"XSP",0.224
"593","113","2021","Corallimorph",2,"XSP",0.008
"594","113","2021","M. capitata",2,"XSP",0.008
"595","113","2021","P. damicornis",11,"XSP",0.044
"596","113","2021","Peyssonnelia",34,"XSP",0.136
"597","113","2021","Red fleshy macro",7,"XSP",0.028
"598","113","2021","Turf",70,"XSP",0.28
"599","115","1408","CCA",6,"BYSP",0.0213523131672598
"600","115","1408","Corallimorph",226,"BYSP",0.804270462633452
"601","115","1408","Limestone",4,"BYSP",0.0142348754448399
"602","115","1408","Peyssonnelia",2,"BYSP",0.00711743772241993
"603","115","1408","Sediment",4,"BYSP",0.0142348754448399
"604","115","1408","Turf",39,"BYSP",0.138790035587189
"605","115","1409","A. acuminata",4,"BYSP",0.0153256704980843
"606","115","1409","CCA",1,"BYSP",0.00383141762452107
"607","115","1409","Limestone",254,"BYSP",0.973180076628352
"608","115","1409","M. capitata",1,"BYSP",0.00383141762452107
"609","115","1409","P. damicornis",1,"BYSP",0.00383141762452107
"610","115","1509","A. acuminata",7,"BYSP",0.0246478873239437
"611","115","1509","CCA",77,"BYSP",0.27112676056338
"612","115","1509","Caulerpa",5,"BYSP",0.0176056338028169
"613","115","1509","Corallimorph",12,"BYSP",0.0422535211267606
"614","115","1509","P. damicornis",2,"BYSP",0.00704225352112676
"615","115","1509","Peyssonnelia",6,"BYSP",0.0211267605633803
"616","115","1509","Turf",175,"BYSP",0.616197183098592
"617","115","1510","A. acuminata",6,"BYSP",0.0188679245283019
"618","115","1510","CCA",66,"BYSP",0.207547169811321
"619","115","1510","Caulerpa",2,"BYSP",0.00628930817610063
"620","115","1510","M. capitata",1,"BYSP",0.00314465408805031
"621","115","1510","P. damicornis",1,"BYSP",0.00314465408805031
"622","115","1510","Peyssonnelia",2,"BYSP",0.00628930817610063
"623","115","1510","Sediment",5,"BYSP",0.0157232704402516
"624","115","1510","Turf",235,"BYSP",0.738993710691824
"625","115","1606","A. acuminata",5,"BYSP",0.0178571428571429
"626","115","1606","CCA",42,"BYSP",0.15
"627","115","1606","Caulerpa",4,"BYSP",0.0142857142857143
"628","115","1606","Corallimorph",2,"BYSP",0.00714285714285714
"629","115","1606","M. capitata",2,"BYSP",0.00714285714285714
"630","115","1606","P. damicornis",3,"BYSP",0.0107142857142857
"631","115","1606","Peyssonnelia",18,"BYSP",0.0642857142857143
"632","115","1606","Turf",204,"BYSP",0.728571428571429
"633","115","1609","A. acuminata",7,"BYSP",0.0245614035087719
"634","115","1609","CCA",61,"BYSP",0.214035087719298
"635","115","1609","Caulerpa",2,"BYSP",0.00701754385964912
"636","115","1609","Corallimorph",1,"BYSP",0.00350877192982456
"637","115","1609","Limestone",1,"BYSP",0.00350877192982456
"638","115","1609","M. capitata",2,"BYSP",0.00701754385964912
"639","115","1609","P. damicornis",1,"BYSP",0.00350877192982456
"640","115","1609","Peyssonnelia",25,"BYSP",0.087719298245614
"641","115","1609","Turf",185,"BYSP",0.649122807017544
"642","115","1709","A. acuminata",17,"BYSP",0.0600706713780919
"643","115","1709","CCA",59,"BYSP",0.208480565371025
"644","115","1709","Lobophora",1,"BYSP",0.00353356890459364
"645","115","1709","M. capitata",7,"BYSP",0.0247349823321555
"646","115","1709","P. damicornis",2,"BYSP",0.00706713780918728
"647","115","1709","Peyssonnelia",38,"BYSP",0.134275618374558
"648","115","1709","Turf",159,"BYSP",0.561837455830389
"649","115","1809","A. acuminata",29,"BYSP",0.0941558441558442
"650","115","1809","CCA",70,"BYSP",0.227272727272727
"651","115","1809","Corallimorph",1,"BYSP",0.00324675324675325
"652","115","1809","M. capitata",3,"BYSP",0.00974025974025974
"653","115","1809","P. damicornis",7,"BYSP",0.0227272727272727
"654","115","1809","Peyssonnelia",13,"BYSP",0.0422077922077922
"655","115","1809","Turf",185,"BYSP",0.600649350649351
"656","115","2019","A. acuminata",39,"BYSP",0.135416666666667
"657","115","2019","CCA",96,"BYSP",0.333333333333333
"658","115","2019","Caulerpa",3,"BYSP",0.0104166666666667
"659","115","2019","Lobophora",5,"BYSP",0.0173611111111111
"660","115","2019","M. capitata",5,"BYSP",0.0173611111111111
"661","115","2019","P. damicornis",11,"BYSP",0.0381944444444444
"662","115","2019","Peyssonnelia",9,"BYSP",0.03125
"663","115","2019","Pocillopora spp.",1,"BYSP",0.00347222222222222
"664","115","2019","Turf",119,"BYSP",0.413194444444444
"665","115","2020","A. acuminata",45,"BYSP",0.157894736842105
"666","115","2020","CCA",73,"BYSP",0.256140350877193
"667","115","2020","Corallimorph",2,"BYSP",0.00701754385964912
"668","115","2020","Lobophora",8,"BYSP",0.0280701754385965
"669","115","2020","M. capitata",5,"BYSP",0.0175438596491228
"670","115","2020","P. damicornis",12,"BYSP",0.0421052631578947
"671","115","2020","Peyssonnelia",10,"BYSP",0.0350877192982456
"672","115","2020","Sediment",3,"BYSP",0.0105263157894737
"673","115","2020","Turf",127,"BYSP",0.445614035087719
"674","115","2022","A. acuminata",58,"BYSP",0.21969696969697
"675","115","2022","CCA",57,"BYSP",0.215909090909091
"676","115","2022","Lobophora",6,"BYSP",0.0227272727272727
"677","115","2022","M. capitata",6,"BYSP",0.0227272727272727
"678","115","2022","P. damicornis",10,"BYSP",0.0378787878787879
"679","115","2022","Peyssonnelia",14,"BYSP",0.053030303030303
"680","115","2022","Sediment",2,"BYSP",0.00757575757575758
"681","115","2022","Turf",111,"BYSP",0.420454545454545
"682","117","1408","CCA",26,"RAN",0.0942028985507246
"683","117","1408","Corallimorph",149,"RAN",0.539855072463768
"684","117","1408","Limestone",6,"RAN",0.0217391304347826
"685","117","1408","Peyssonnelia",7,"RAN",0.0253623188405797
"686","117","1408","Red_calc_mac",3,"RAN",0.0108695652173913
"687","117","1408","Sediment",4,"RAN",0.0144927536231884
"688","117","1408","Turf",81,"RAN",0.293478260869565
"689","117","1409","A. acuminata",2,"RAN",0.00775193798449612
"690","117","1409","CCA",2,"RAN",0.00775193798449612
"691","117","1409","Limestone",250,"RAN",0.968992248062015
"692","117","1409","P. damicornis",1,"RAN",0.00387596899224806
"693","117","1409","Peyssonnelia",3,"RAN",0.0116279069767442
"694","117","1509","A. acuminata",3,"RAN",0.0104166666666667
"695","117","1509","CCA",79,"RAN",0.274305555555556
"696","117","1509","Caulerpa",11,"RAN",0.0381944444444444
"697","117","1509","Corallimorph",2,"RAN",0.00694444444444444
"698","117","1509","Lobophora",3,"RAN",0.0104166666666667
"699","117","1509","M. capitata",3,"RAN",0.0104166666666667
"700","117","1509","Peyssonnelia",3,"RAN",0.0104166666666667
"701","117","1509","Red_calc_mac",2,"RAN",0.00694444444444444
"702","117","1509","Sediment",1,"RAN",0.00347222222222222
"703","117","1509","Turf",181,"RAN",0.628472222222222
"704","117","1510","A. acuminata",6,"RAN",0.0202702702702703
"705","117","1510","CCA",51,"RAN",0.172297297297297
"706","117","1510","Caulerpa",10,"RAN",0.0337837837837838
"707","117","1510","Lobophora",1,"RAN",0.00337837837837838
"708","117","1510","M. capitata",1,"RAN",0.00337837837837838
"709","117","1510","P. damicornis",2,"RAN",0.00675675675675676
"710","117","1510","Peyssonnelia",1,"RAN",0.00337837837837838
"711","117","1510","Red_calc_mac",4,"RAN",0.0135135135135135
"712","117","1510","Sediment",1,"RAN",0.00337837837837838
"713","117","1510","Turf",219,"RAN",0.739864864864865
"714","117","1606","A. acuminata",8,"RAN",0.0275862068965517
"715","117","1606","CCA",46,"RAN",0.158620689655172
"716","117","1606","Caulerpa",2,"RAN",0.00689655172413793
"717","117","1606","Galaxaura",1,"RAN",0.00344827586206897
"718","117","1606","Lobophora",1,"RAN",0.00344827586206897
"719","117","1606","M. capitata",3,"RAN",0.0103448275862069
"720","117","1606","P. damicornis",2,"RAN",0.00689655172413793
"721","117","1606","Peyssonnelia",5,"RAN",0.0172413793103448
"722","117","1606","Red_calc_mac",7,"RAN",0.0241379310344828
"723","117","1606","Turf",215,"RAN",0.741379310344828
"724","117","1609","A. acuminata",10,"RAN",0.0337837837837838
"725","117","1609","CCA",52,"RAN",0.175675675675676
"726","117","1609","Caulerpa",2,"RAN",0.00675675675675676
"727","117","1609","Galaxaura",1,"RAN",0.00337837837837838
"728","117","1609","M. capitata",6,"RAN",0.0202702702702703
"729","117","1609","P. damicornis",1,"RAN",0.00337837837837838
"730","117","1609","Peyssonnelia",11,"RAN",0.0371621621621622
"731","117","1609","Red_calc_mac",4,"RAN",0.0135135135135135
"732","117","1609","Sediment",2,"RAN",0.00675675675675676
"733","117","1609","Turf",207,"RAN",0.699324324324324
"734","117","1709","A. acuminata",11,"RAN",0.0371621621621622
"735","117","1709","CCA",84,"RAN",0.283783783783784
"736","117","1709","Galaxaura",4,"RAN",0.0135135135135135
"737","117","1709","M. capitata",6,"RAN",0.0202702702702703
"738","117","1709","P. damicornis",3,"RAN",0.0101351351351351
"739","117","1709","Peyssonnelia",28,"RAN",0.0945945945945946
"740","117","1709","Turf",160,"RAN",0.540540540540541
"741","117","1809","A. acuminata",15,"RAN",0.0495049504950495
"742","117","1809","CCA",50,"RAN",0.165016501650165
"743","117","1809","Corallimorph",1,"RAN",0.0033003300330033
"744","117","1809","M. capitata",7,"RAN",0.0231023102310231
"745","117","1809","P. damicornis",11,"RAN",0.0363036303630363
"746","117","1809","Peyssonnelia",14,"RAN",0.0462046204620462
"747","117","1809","Turf",205,"RAN",0.676567656765677
"748","117","2019","A. acuminata",24,"RAN",0.0967741935483871
"749","117","2019","CCA",97,"RAN",0.391129032258065
"750","117","2019","Caulerpa",6,"RAN",0.0241935483870968
"751","117","2019","Corallimorph",1,"RAN",0.00403225806451613
"752","117","2019","Lobophora",1,"RAN",0.00403225806451613
"753","117","2019","M. capitata",7,"RAN",0.0282258064516129
"754","117","2019","P. damicornis",6,"RAN",0.0241935483870968
"755","117","2019","Peyssonnelia",24,"RAN",0.0967741935483871
"756","117","2019","Pocillopora spp.",1,"RAN",0.00403225806451613
"757","117","2019","Turf",81,"RAN",0.326612903225806
"758","117","2021","A. acuminata",33,"RAN",0.15
"759","117","2021","CCA",75,"RAN",0.340909090909091
"760","117","2021","Corallimorph",1,"RAN",0.00454545454545455
"761","117","2021","M. capitata",5,"RAN",0.0227272727272727
"762","117","2021","P. damicornis",13,"RAN",0.0590909090909091
"763","117","2021","Peyssonnelia",39,"RAN",0.177272727272727
"764","117","2021","Red fleshy macro",8,"RAN",0.0363636363636364
"765","117","2021","Turf",46,"RAN",0.209090909090909
"766","119","1409","Corallimorph",215,"CON",0.853174603174603
"767","119","1409","Limestone",18,"CON",0.0714285714285714
"768","119","1409","Porites massive",4,"CON",0.0158730158730159
"769","119","1409","Turf",15,"CON",0.0595238095238095
"770","119","1509","CCA",18,"CON",0.056782334384858
"771","119","1509","Caulerpa",1,"CON",0.00315457413249211
"772","119","1509","Corallimorph",52,"CON",0.16403785488959
"773","119","1509","Peyssonnelia",2,"CON",0.00630914826498423
"774","119","1509","Porites massive",5,"CON",0.0157728706624606
"775","119","1509","Red_calc_mac",25,"CON",0.0788643533123028
"776","119","1509","Sediment",9,"CON",0.028391167192429
"777","119","1509","Turf",205,"CON",0.646687697160883
"778","119","1510","CCA",18,"CON",0.056782334384858
"779","119","1510","Caulerpa",1,"CON",0.00315457413249211
"780","119","1510","Corallimorph",52,"CON",0.16403785488959
"781","119","1510","Peyssonnelia",2,"CON",0.00630914826498423
"782","119","1510","Porites massive",5,"CON",0.0157728706624606
"783","119","1510","Red_calc_mac",25,"CON",0.0788643533123028
"784","119","1510","Sediment",9,"CON",0.028391167192429
"785","119","1510","Turf",205,"CON",0.646687697160883
"786","119","1606","CCA",23,"CON",0.0732484076433121
"787","119","1606","Corallimorph",50,"CON",0.159235668789809
"788","119","1606","Peyssonnelia",1,"CON",0.00318471337579618
"789","119","1606","Porites massive",6,"CON",0.0191082802547771
"790","119","1606","Red_calc_mac",25,"CON",0.0796178343949045
"791","119","1606","Sediment",6,"CON",0.0191082802547771
"792","119","1606","Turf",203,"CON",0.646496815286624
"793","119","1609","CCA",33,"CON",0.105769230769231
"794","119","1609","Caulerpa",2,"CON",0.00641025641025641
"795","119","1609","Corallimorph",11,"CON",0.0352564102564103
"796","119","1609","Porites massive",4,"CON",0.0128205128205128
"797","119","1609","Red_calc_mac",22,"CON",0.0705128205128205
"798","119","1609","Sediment",1,"CON",0.00320512820512821
"799","119","1609","Turf",239,"CON",0.766025641025641
"800","119","1709","CCA",120,"CON",0.382165605095541
"801","119","1709","Lobophora",1,"CON",0.00318471337579618
"802","119","1709","Peyssonnelia",20,"CON",0.0636942675159236
"803","119","1709","Porites massive",6,"CON",0.0191082802547771
"804","119","1709","Red_calc_mac",1,"CON",0.00318471337579618
"805","119","1709","Sediment",2,"CON",0.00636942675159236
"806","119","1709","Turf",164,"CON",0.522292993630573
"807","119","1809","CCA",94,"CON",0.326388888888889
"808","119","1809","Peyssonnelia",12,"CON",0.0416666666666667
"809","119","1809","Pocillopora spp.",1,"CON",0.00347222222222222
"810","119","1809","Porites massive",6,"CON",0.0208333333333333
"811","119","1809","Sediment",2,"CON",0.00694444444444444
"812","119","1809","Turf",173,"CON",0.600694444444444
"813","119","2019","CCA",113,"CON",0.2825
"814","119","2019","Caulerpa",14,"CON",0.035
"815","119","2019","Corallimorph",1,"CON",0.0025
"816","119","2019","Galaxaura",1,"CON",0.0025
"817","119","2019","Halimeda",1,"CON",0.0025
"818","119","2019","Lobophora",19,"CON",0.0475
"819","119","2019","P. damicornis",1,"CON",0.0025
"820","119","2019","Peyssonnelia",15,"CON",0.0375
"821","119","2019","Pocillopora spp.",6,"CON",0.015
"822","119","2019","Porites massive",14,"CON",0.035
"823","119","2019","Turf",215,"CON",0.5375
"824","119","2020","CCA",123,"CON",0.321989528795811
"825","119","2020","Corallimorph",1,"CON",0.00261780104712042
"826","119","2020","Galaxaura",1,"CON",0.00261780104712042
"827","119","2020","Halimeda",1,"CON",0.00261780104712042
"828","119","2020","Lobophora",20,"CON",0.0523560209424084
"829","119","2020","P. damicornis",15,"CON",0.0392670157068063
"830","119","2020","Peyssonnelia",13,"CON",0.0340314136125654
"831","119","2020","Pocillopora spp.",4,"CON",0.0104712041884817
"832","119","2020","Porites massive",21,"CON",0.0549738219895288
"833","119","2020","Turf",183,"CON",0.479057591623037
"834","119","2022","CCA",128,"CON",0.349726775956284
"835","119","2022","Corallimorph",1,"CON",0.00273224043715847
"836","119","2022","Galaxaura",4,"CON",0.0109289617486339
"837","119","2022","Halimeda",1,"CON",0.00273224043715847
"838","119","2022","Lobophora",26,"CON",0.0710382513661202
"839","119","2022","Montipora spp.",1,"CON",0.00273224043715847
"840","119","2022","P. damicornis",19,"CON",0.0519125683060109
"841","119","2022","Peyssonnelia",24,"CON",0.0655737704918033
"842","119","2022","Pocillopora spp.",4,"CON",0.0109289617486339
"843","119","2022","Porites massive",34,"CON",0.092896174863388
"844","119","2022","Sediment",6,"CON",0.0163934426229508
"845","119","2022","Turf",118,"CON",0.322404371584699
"846","121","1409","Corallimorph",209,"CON",0.754512635379061
"847","121","1409","Limestone",18,"CON",0.0649819494584837
"848","121","1409","Peyssonnelia",4,"CON",0.0144404332129964
"849","121","1409","Turf",46,"CON",0.166064981949458
"850","121","1509","CCA",26,"CON",0.0828025477707006
"851","121","1509","Caulerpa",1,"CON",0.00318471337579618
"852","121","1509","Corallimorph",116,"CON",0.369426751592357
"853","121","1509","Dictyota",1,"CON",0.00318471337579618
"854","121","1509","Limestone",1,"CON",0.00318471337579618
"855","121","1509","Lobophora",1,"CON",0.00318471337579618
"856","121","1509","Peyssonnelia",2,"CON",0.00636942675159236
"857","121","1509","Red_calc_mac",4,"CON",0.0127388535031847
"858","121","1509","Sediment",3,"CON",0.00955414012738853
"859","121","1509","Turf",159,"CON",0.506369426751592
"860","121","1510","CCA",26,"CON",0.0828025477707006
"861","121","1510","Caulerpa",1,"CON",0.00318471337579618
"862","121","1510","Corallimorph",116,"CON",0.369426751592357
"863","121","1510","Dictyota",1,"CON",0.00318471337579618
"864","121","1510","Limestone",1,"CON",0.00318471337579618
"865","121","1510","Lobophora",1,"CON",0.00318471337579618
"866","121","1510","Peyssonnelia",2,"CON",0.00636942675159236
"867","121","1510","Red_calc_mac",4,"CON",0.0127388535031847
"868","121","1510","Sediment",3,"CON",0.00955414012738853
"869","121","1510","Turf",159,"CON",0.506369426751592
"870","121","1606","CCA",38,"CON",0.138181818181818
"871","121","1606","Caulerpa",1,"CON",0.00363636363636364
"872","121","1606","Corallimorph",31,"CON",0.112727272727273
"873","121","1606","Peyssonnelia",5,"CON",0.0181818181818182
"874","121","1606","Red_calc_mac",15,"CON",0.0545454545454545
"875","121","1606","Sediment",2,"CON",0.00727272727272727
"876","121","1606","Turf",183,"CON",0.665454545454545
"877","121","1609","CCA",31,"CON",0.0990415335463259
"878","121","1609","Caulerpa",2,"CON",0.00638977635782748
"879","121","1609","Corallimorph",21,"CON",0.0670926517571885
"880","121","1609","Peyssonnelia",3,"CON",0.00958466453674121
"881","121","1609","Red_calc_mac",7,"CON",0.0223642172523962
"882","121","1609","Sediment",1,"CON",0.00319488817891374
"883","121","1609","Turf",248,"CON",0.792332268370607
"884","121","1709","CCA",156,"CON",0.503225806451613
"885","121","1709","Corallimorph",1,"CON",0.0032258064516129
"886","121","1709","Halimeda",1,"CON",0.0032258064516129
"887","121","1709","Lobophora",2,"CON",0.00645161290322581
"888","121","1709","P. damicornis",1,"CON",0.0032258064516129
"889","121","1709","Peyssonnelia",29,"CON",0.0935483870967742
"890","121","1709","Turf",120,"CON",0.387096774193548
"891","121","1809","CCA",110,"CON",0.363036303630363
"892","121","1809","Corallimorph",2,"CON",0.0066006600660066
"893","121","1809","P. damicornis",4,"CON",0.0132013201320132
"894","121","1809","Peyssonnelia",8,"CON",0.0264026402640264
"895","121","1809","Turf",179,"CON",0.590759075907591
"896","121","2019","CCA",139,"CON",0.454248366013072
"897","121","2019","Caulerpa",6,"CON",0.0196078431372549
"898","121","2019","Lobophora",22,"CON",0.0718954248366013
"899","121","2019","P. damicornis",2,"CON",0.0065359477124183
"900","121","2019","Peyssonnelia",14,"CON",0.0457516339869281
"901","121","2019","Pocillopora spp.",1,"CON",0.00326797385620915
"902","121","2019","Turf",122,"CON",0.398692810457516
"903","121","2021","CCA",107,"CON",0.374125874125874
"904","121","2021","Corallimorph",1,"CON",0.0034965034965035
"905","121","2021","Halimeda",3,"CON",0.0104895104895105
"906","121","2021","Lobophora",14,"CON",0.048951048951049
"907","121","2021","P. damicornis",18,"CON",0.0629370629370629
"908","121","2021","Peyssonnelia",32,"CON",0.111888111888112
"909","121","2021","Sediment",5,"CON",0.0174825174825175
"910","121","2021","Turf",106,"CON",0.370629370629371
"911","123","1408","CCA",2,"XSP",0.00769230769230769
"912","123","1408","Corallimorph",181,"XSP",0.696153846153846
"913","123","1408","Limestone",7,"XSP",0.0269230769230769
"914","123","1408","Sediment",11,"XSP",0.0423076923076923
"915","123","1408","Turf",59,"XSP",0.226923076923077
"916","123","1409","A. acuminata",1,"XSP",0.00386100386100386
"917","123","1409","Limestone",252,"XSP",0.972972972972973
"918","123","1409","M. capitata",1,"XSP",0.00386100386100386
"919","123","1409","P. damicornis",2,"XSP",0.00772200772200772
"920","123","1409","Sediment",3,"XSP",0.0115830115830116
"921","123","1509","A. acuminata",6,"XSP",0.0202702702702703
"922","123","1509","CCA",32,"XSP",0.108108108108108
"923","123","1509","Caulerpa",5,"XSP",0.0168918918918919
"924","123","1509","M. capitata",2,"XSP",0.00675675675675676
"925","123","1509","P. damicornis",1,"XSP",0.00337837837837838
"926","123","1509","Peyssonnelia",7,"XSP",0.0236486486486486
"927","123","1509","Red_calc_mac",4,"XSP",0.0135135135135135
"928","123","1509","Sediment",8,"XSP",0.027027027027027
"929","123","1509","Turf",231,"XSP",0.780405405405405
"930","123","1510","A. acuminata",9,"XSP",0.0301003344481605
"931","123","1510","CCA",26,"XSP",0.0869565217391304
"932","123","1510","Caulerpa",3,"XSP",0.0100334448160535
"933","123","1510","M. capitata",1,"XSP",0.00334448160535117
"934","123","1510","P. damicornis",1,"XSP",0.00334448160535117
"935","123","1510","Peyssonnelia",5,"XSP",0.0167224080267559
"936","123","1510","Red_calc_mac",1,"XSP",0.00334448160535117
"937","123","1510","Sediment",3,"XSP",0.0100334448160535
"938","123","1510","Turf",250,"XSP",0.836120401337793
"939","123","1606","A. acuminata",8,"XSP",0.0275862068965517
"940","123","1606","CCA",17,"XSP",0.0586206896551724
"941","123","1606","Caulerpa",1,"XSP",0.00344827586206897
"942","123","1606","Corallimorph",1,"XSP",0.00344827586206897
"943","123","1606","Lobophora",2,"XSP",0.00689655172413793
"944","123","1606","M. capitata",2,"XSP",0.00689655172413793
"945","123","1606","Montipora spp.",1,"XSP",0.00344827586206897
"946","123","1606","P. damicornis",1,"XSP",0.00344827586206897
"947","123","1606","Peyssonnelia",16,"XSP",0.0551724137931034
"948","123","1606","Red_calc_mac",14,"XSP",0.0482758620689655
"949","123","1606","Sediment",5,"XSP",0.0172413793103448
"950","123","1606","Turf",222,"XSP",0.76551724137931
"951","123","1609","A. acuminata",11,"XSP",0.0369127516778524
"952","123","1609","CCA",17,"XSP",0.0570469798657718
"953","123","1609","Caulerpa",4,"XSP",0.0134228187919463
"954","123","1609","M. capitata",1,"XSP",0.00335570469798658
"955","123","1609","Peyssonnelia",8,"XSP",0.0268456375838926
"956","123","1609","Red_calc_mac",12,"XSP",0.0402684563758389
"957","123","1609","Sediment",3,"XSP",0.0100671140939597
"958","123","1609","Turf",242,"XSP",0.812080536912752
"959","123","1709","A. acuminata",25,"XSP",0.0836120401337793
"960","123","1709","CCA",41,"XSP",0.137123745819398
"961","123","1709","Galaxaura",1,"XSP",0.00334448160535117
"962","123","1709","Lobophora",2,"XSP",0.00668896321070234
"963","123","1709","M. capitata",3,"XSP",0.0100334448160535
"964","123","1709","P. damicornis",5,"XSP",0.0167224080267559
"965","123","1709","Peyssonnelia",6,"XSP",0.020066889632107
"966","123","1709","Red_calc_mac",1,"XSP",0.00334448160535117
"967","123","1709","Sediment",7,"XSP",0.0234113712374582
"968","123","1709","Turf",208,"XSP",0.695652173913043
"969","123","1809","A. acuminata",37,"XSP",0.126279863481229
"970","123","1809","CCA",14,"XSP",0.0477815699658703
"971","123","1809","Corallimorph",1,"XSP",0.00341296928327645
"972","123","1809","M. capitata",4,"XSP",0.0136518771331058
"973","123","1809","Montipora spp.",1,"XSP",0.00341296928327645
"974","123","1809","P. damicornis",5,"XSP",0.0170648464163823
"975","123","1809","Peyssonnelia",9,"XSP",0.0307167235494881
"976","123","1809","Sediment",6,"XSP",0.0204778156996587
"977","123","1809","Turf",216,"XSP",0.737201365187713
"978","123","2019","A. acuminata",52,"XSP",0.182456140350877
"979","123","2019","CCA",22,"XSP",0.0771929824561404
"980","123","2019","Caulerpa",8,"XSP",0.0280701754385965
"981","123","2019","Corallimorph",1,"XSP",0.00350877192982456
"982","123","2019","Lobophora",16,"XSP",0.056140350877193
"983","123","2019","M. capitata",4,"XSP",0.0140350877192982
"984","123","2019","Montipora spp.",1,"XSP",0.00350877192982456
"985","123","2019","P. damicornis",4,"XSP",0.0140350877192982
"986","123","2019","Peyssonnelia",2,"XSP",0.00701754385964912
"987","123","2019","Pocillopora spp.",2,"XSP",0.00701754385964912
"988","123","2019","Red_calc_mac",2,"XSP",0.00701754385964912
"989","123","2019","Turf",171,"XSP",0.6
"990","123","2020","A. acuminata",57,"XSP",0.215094339622642
"991","123","2020","CCA",24,"XSP",0.0905660377358491
"992","123","2020","Cyano",1,"XSP",0.00377358490566038
"993","123","2020","Galaxaura",6,"XSP",0.0226415094339623
"994","123","2020","Lobophora",7,"XSP",0.0264150943396226
"995","123","2020","M. capitata",1,"XSP",0.00377358490566038
"996","123","2020","Montipora spp.",1,"XSP",0.00377358490566038
"997","123","2020","P. damicornis",3,"XSP",0.0113207547169811
"998","123","2020","Peyssonnelia",6,"XSP",0.0226415094339623
"999","123","2020","Psammocora sp.",1,"XSP",0.00377358490566038
"1000","123","2020","Sediment",8,"XSP",0.030188679245283
"1001","123","2020","Turf",150,"XSP",0.566037735849057
"1002","123","2022","A. acuminata",92,"XSP",0.32280701754386
"1003","123","2022","CCA",61,"XSP",0.214035087719298
"1004","123","2022","Corallimorph",2,"XSP",0.00701754385964912
"1005","123","2022","Galaxaura",1,"XSP",0.00350877192982456
"1006","123","2022","Lobophora",5,"XSP",0.0175438596491228
"1007","123","2022","Montipora spp.",3,"XSP",0.0105263157894737
"1008","123","2022","P. damicornis",12,"XSP",0.0421052631578947
"1009","123","2022","Peyssonnelia",10,"XSP",0.0350877192982456
"1010","123","2022","Psammocora sp.",1,"XSP",0.00350877192982456
"1011","123","2022","Sediment",1,"XSP",0.00350877192982456
"1012","123","2022","Turf",97,"XSP",0.340350877192982
"1013","125","1409","Corallimorph",242,"CON",0.923664122137405
"1014","125","1409","Limestone",3,"CON",0.0114503816793893
"1015","125","1409","Turf",17,"CON",0.0648854961832061
"1016","125","1509","CCA",9,"CON",0.0289389067524116
"1017","125","1509","Corallimorph",206,"CON",0.662379421221865
"1018","125","1509","Peyssonnelia",12,"CON",0.0385852090032154
"1019","125","1509","Red_calc_mac",1,"CON",0.00321543408360129
"1020","125","1509","Turf",83,"CON",0.266881028938907
"1021","125","1510","CCA",9,"CON",0.0289389067524116
"1022","125","1510","Corallimorph",206,"CON",0.662379421221865
"1023","125","1510","Peyssonnelia",12,"CON",0.0385852090032154
"1024","125","1510","Red_calc_mac",1,"CON",0.00321543408360129
"1025","125","1510","Turf",83,"CON",0.266881028938907
"1026","125","1606","CCA",79,"CON",0.254019292604502
"1027","125","1606","Caulerpa",6,"CON",0.0192926045016077
"1028","125","1606","Corallimorph",62,"CON",0.19935691318328
"1029","125","1606","Peyssonnelia",20,"CON",0.0643086816720257
"1030","125","1606","Red_calc_mac",15,"CON",0.0482315112540193
"1031","125","1606","Turf",129,"CON",0.414790996784566
"1032","125","1609","CCA",102,"CON",0.331168831168831
"1033","125","1609","Caulerpa",3,"CON",0.00974025974025974
"1034","125","1609","Corallimorph",27,"CON",0.0876623376623377
"1035","125","1609","Limestone",1,"CON",0.00324675324675325
"1036","125","1609","Peyssonnelia",17,"CON",0.0551948051948052
"1037","125","1609","Red_calc_mac",12,"CON",0.038961038961039
"1038","125","1609","Turf",146,"CON",0.474025974025974
"1039","125","1709","CCA",127,"CON",0.411003236245955
"1040","125","1709","Corallimorph",4,"CON",0.0129449838187702
"1041","125","1709","Galaxaura",4,"CON",0.0129449838187702
"1042","125","1709","Lobophora",3,"CON",0.00970873786407767
"1043","125","1709","Peyssonnelia",31,"CON",0.100323624595469
"1044","125","1709","Red_calc_mac",1,"CON",0.00323624595469256
"1045","125","1709","Turf",139,"CON",0.449838187702265
"1046","125","1809","CCA",77,"CON",0.255813953488372
"1047","125","1809","Corallimorph",2,"CON",0.00664451827242525
"1048","125","1809","Peyssonnelia",14,"CON",0.0465116279069767
"1049","125","1809","Turf",208,"CON",0.691029900332226
"1050","125","2019","CCA",140,"CON",0.443037974683544
"1051","125","2019","Caulerpa",3,"CON",0.00949367088607595
"1052","125","2019","Corallimorph",1,"CON",0.00316455696202532
"1053","125","2019","Fungia",2,"CON",0.00632911392405063
"1054","125","2019","Lobophora",23,"CON",0.0727848101265823
"1055","125","2019","P. damicornis",1,"CON",0.00316455696202532
"1056","125","2019","Peyssonnelia",31,"CON",0.0981012658227848
"1057","125","2019","Pocillopora spp.",2,"CON",0.00632911392405063
"1058","125","2019","Red_calc_mac",4,"CON",0.0126582278481013
"1059","125","2019","Turf",109,"CON",0.34493670886076
"1060","125","2021","CCA",107,"CON",0.449579831932773
"1061","125","2021","Corallimorph",1,"CON",0.00420168067226891
"1062","125","2021","Fungia",2,"CON",0.00840336134453781
"1063","125","2021","Halimeda",2,"CON",0.00840336134453781
"1064","125","2021","Lobophora",1,"CON",0.00420168067226891
"1065","125","2021","P. damicornis",25,"CON",0.105042016806723
"1066","125","2021","Peyssonnelia",17,"CON",0.0714285714285714
"1067","125","2021","Psammocora sp.",1,"CON",0.00420168067226891
"1068","125","2021","Sediment",1,"CON",0.00420168067226891
"1069","125","2021","Turf",81,"CON",0.340336134453782
"1070","127","1408","CCA",1,"BYSP",0.00411522633744856
"1071","127","1408","Corallimorph",178,"BYSP",0.732510288065844
"1072","127","1408","Limestone",3,"BYSP",0.0123456790123457
"1073","127","1408","Peyssonnelia",2,"BYSP",0.00823045267489712
"1074","127","1408","Sediment",7,"BYSP",0.0288065843621399
"1075","127","1408","Turf",52,"BYSP",0.213991769547325
"1076","127","1409","CCA",1,"BYSP",0.00403225806451613
"1077","127","1409","Limestone",246,"BYSP",0.991935483870968
"1078","127","1409","Peyssonnelia",1,"BYSP",0.00403225806451613
"1079","127","1509","A. acuminata",5,"BYSP",0.0159744408945687
"1080","127","1509","CCA",104,"BYSP",0.332268370607029
"1081","127","1509","Caulerpa",6,"BYSP",0.0191693290734824
"1082","127","1509","Corallimorph",3,"BYSP",0.00958466453674121
"1083","127","1509","M. capitata",2,"BYSP",0.00638977635782748
"1084","127","1509","P. damicornis",1,"BYSP",0.00319488817891374
"1085","127","1509","Peyssonnelia",16,"BYSP",0.0511182108626198
"1086","127","1509","Turf",176,"BYSP",0.562300319488818
"1087","127","1510","A. acuminata",2,"BYSP",0.00647249190938511
"1088","127","1510","CCA",95,"BYSP",0.307443365695793
"1089","127","1510","Caulerpa",6,"BYSP",0.0194174757281553
"1090","127","1510","M. capitata",1,"BYSP",0.00323624595469256
"1091","127","1510","P. damicornis",3,"BYSP",0.00970873786407767
"1092","127","1510","Peyssonnelia",6,"BYSP",0.0194174757281553
"1093","127","1510","Turf",196,"BYSP",0.634304207119741
"1094","127","1606","A. acuminata",6,"BYSP",0.0199335548172757
"1095","127","1606","CCA",85,"BYSP",0.282392026578073
"1096","127","1606","Corallimorph",8,"BYSP",0.026578073089701
"1097","127","1606","Galaxaura",1,"BYSP",0.00332225913621262
"1098","127","1606","M. capitata",3,"BYSP",0.00996677740863787
"1099","127","1606","P. damicornis",4,"BYSP",0.0132890365448505
"1100","127","1606","Peyssonnelia",19,"BYSP",0.0631229235880399
"1101","127","1606","Sediment",1,"BYSP",0.00332225913621262
"1102","127","1606","Turf",174,"BYSP",0.578073089700997
"1103","127","1609","A. acuminata",3,"BYSP",0.0101010101010101
"1104","127","1609","CCA",87,"BYSP",0.292929292929293
"1105","127","1609","Caulerpa",10,"BYSP",0.0336700336700337
"1106","127","1609","Corallimorph",2,"BYSP",0.00673400673400673
"1107","127","1609","M. capitata",3,"BYSP",0.0101010101010101
"1108","127","1609","P. damicornis",2,"BYSP",0.00673400673400673
"1109","127","1609","Peyssonnelia",6,"BYSP",0.0202020202020202
"1110","127","1609","Turf",184,"BYSP",0.619528619528619
"1111","127","1709","A. acuminata",10,"BYSP",0.0333333333333333
"1112","127","1709","CCA",97,"BYSP",0.323333333333333
"1113","127","1709","Corallimorph",1,"BYSP",0.00333333333333333
"1114","127","1709","Galaxaura",2,"BYSP",0.00666666666666667
"1115","127","1709","M. capitata",6,"BYSP",0.02
"1116","127","1709","P. damicornis",3,"BYSP",0.01
"1117","127","1709","Peyssonnelia",36,"BYSP",0.12
"1118","127","1709","Turf",145,"BYSP",0.483333333333333
"1119","127","1809","A. acuminata",18,"BYSP",0.0633802816901408
"1120","127","1809","CCA",62,"BYSP",0.21830985915493
"1121","127","1809","Corallimorph",3,"BYSP",0.0105633802816901
"1122","127","1809","M. capitata",4,"BYSP",0.0140845070422535
"1123","127","1809","P. damicornis",11,"BYSP",0.0387323943661972
"1124","127","1809","Peyssonnelia",8,"BYSP",0.028169014084507
"1125","127","1809","Sediment",1,"BYSP",0.00352112676056338
"1126","127","1809","Turf",177,"BYSP",0.623239436619718
"1127","127","2019","A. acuminata",25,"BYSP",0.0822368421052632
"1128","127","2019","CCA",126,"BYSP",0.414473684210526
"1129","127","2019","Caulerpa",6,"BYSP",0.0197368421052632
"1130","127","2019","Corallimorph",8,"BYSP",0.0263157894736842
"1131","127","2019","Lobophora",2,"BYSP",0.00657894736842105
"1132","127","2019","M. capitata",5,"BYSP",0.0164473684210526
"1133","127","2019","P. damicornis",13,"BYSP",0.0427631578947368
"1134","127","2019","Peyssonnelia",25,"BYSP",0.0822368421052632
"1135","127","2019","Pocillopora spp.",5,"BYSP",0.0164473684210526
"1136","127","2019","Turf",89,"BYSP",0.292763157894737
"1137","127","2020","A. acuminata",28,"BYSP",0.086687306501548
"1138","127","2020","CCA",110,"BYSP",0.340557275541796
"1139","127","2020","Caulerpa",1,"BYSP",0.00309597523219814
"1140","127","2020","Corallimorph",5,"BYSP",0.0154798761609907
"1141","127","2020","Halimeda",1,"BYSP",0.00309597523219814
"1142","127","2020","Lobophora",3,"BYSP",0.00928792569659443
"1143","127","2020","M. capitata",5,"BYSP",0.0154798761609907
"1144","127","2020","P. damicornis",26,"BYSP",0.0804953560371517
"1145","127","2020","Peyssonnelia",21,"BYSP",0.065015479876161
"1146","127","2020","Turf",123,"BYSP",0.380804953560372
"1147","127","2022","A. acuminata",50,"BYSP",0.175438596491228
"1148","127","2022","CCA",91,"BYSP",0.319298245614035
"1149","127","2022","Corallimorph",4,"BYSP",0.0140350877192982
"1150","127","2022","Lobophora",3,"BYSP",0.0105263157894737
"1151","127","2022","M. capitata",19,"BYSP",0.0666666666666667
"1152","127","2022","P. damicornis",15,"BYSP",0.0526315789473684
"1153","127","2022","Peyssonnelia",22,"BYSP",0.0771929824561404
"1154","127","2022","Turf",81,"BYSP",0.284210526315789
"1155","129","1408","CCA",3,"REM",0.0114942528735632
"1156","129","1408","Corallimorph",230,"REM",0.881226053639847
"1157","129","1408","Limestone",1,"REM",0.00383141762452107
"1158","129","1408","Peyssonnelia",6,"REM",0.0229885057471264
"1159","129","1408","Sediment",4,"REM",0.0153256704980843
"1160","129","1408","Turf",17,"REM",0.0651340996168582
"1161","129","1409","Limestone",255,"REM",0.973282442748092
"1162","129","1409","Peyssonnelia",7,"REM",0.0267175572519084
"1163","129","1509","CCA",133,"REM",0.457044673539519
"1164","129","1509","Caulerpa",3,"REM",0.0103092783505155
"1165","129","1509","Corallimorph",2,"REM",0.00687285223367698
"1166","129","1509","Dictyota",4,"REM",0.013745704467354
"1167","129","1509","Galaxaura",3,"REM",0.0103092783505155
"1168","129","1509","Lobophora",1,"REM",0.00343642611683849
"1169","129","1509","Peyssonnelia",25,"REM",0.0859106529209622
"1170","129","1509","Red_calc_mac",1,"REM",0.00343642611683849
"1171","129","1509","Sediment",1,"REM",0.00343642611683849
"1172","129","1509","Turf",118,"REM",0.405498281786942
"1173","129","1510","CCA",117,"REM",0.39527027027027
"1174","129","1510","Caulerpa",5,"REM",0.0168918918918919
"1175","129","1510","Cyano",1,"REM",0.00337837837837838
"1176","129","1510","Dictyota",1,"REM",0.00337837837837838
"1177","129","1510","Galaxaura",1,"REM",0.00337837837837838
"1178","129","1510","Limestone",2,"REM",0.00675675675675676
"1179","129","1510","Lobophora",1,"REM",0.00337837837837838
"1180","129","1510","Peyssonnelia",18,"REM",0.0608108108108108
"1181","129","1510","Red_calc_mac",1,"REM",0.00337837837837838
"1182","129","1510","Sediment",1,"REM",0.00337837837837838
"1183","129","1510","Turf",148,"REM",0.5
"1184","129","1606","CCA",87,"REM",0.296928327645051
"1185","129","1606","Caulerpa",4,"REM",0.0136518771331058
"1186","129","1606","Corallimorph",1,"REM",0.00341296928327645
"1187","129","1606","Peyssonnelia",53,"REM",0.180887372013652
"1188","129","1606","Turf",148,"REM",0.505119453924915
"1189","129","1609","CCA",112,"REM",0.379661016949153
"1190","129","1609","Caulerpa",4,"REM",0.0135593220338983
"1191","129","1609","Galaxaura",1,"REM",0.00338983050847458
"1192","129","1609","Peyssonnelia",40,"REM",0.135593220338983
"1193","129","1609","Red_calc_mac",1,"REM",0.00338983050847458
"1194","129","1609","Turf",137,"REM",0.464406779661017
"1195","129","1709","CCA",122,"REM",0.416382252559727
"1196","129","1709","Limestone",1,"REM",0.00341296928327645
"1197","129","1709","Lobophora",1,"REM",0.00341296928327645
"1198","129","1709","P. damicornis",2,"REM",0.0068259385665529
"1199","129","1709","Peyssonnelia",41,"REM",0.139931740614334
"1200","129","1709","Turf",126,"REM",0.430034129692833
"1201","129","1809","CCA",55,"REM",0.182119205298013
"1202","129","1809","Corallimorph",1,"REM",0.0033112582781457
"1203","129","1809","P. damicornis",5,"REM",0.0165562913907285
"1204","129","1809","Peyssonnelia",19,"REM",0.0629139072847682
"1205","129","1809","Turf",222,"REM",0.735099337748344
"1206","129","2019","CCA",148,"REM",0.449848024316109
"1207","129","2019","Caulerpa",1,"REM",0.00303951367781155
"1208","129","2019","Corallimorph",1,"REM",0.00303951367781155
"1209","129","2019","Galaxaura",1,"REM",0.00303951367781155
"1210","129","2019","Lobophora",18,"REM",0.0547112462006079
"1211","129","2019","P. damicornis",1,"REM",0.00303951367781155
"1212","129","2019","Peyssonnelia",30,"REM",0.0911854103343465
"1213","129","2019","Pocillopora spp.",6,"REM",0.0182370820668693
"1214","129","2019","Turf",123,"REM",0.373860182370821
"1215","129","2021","CCA",162,"REM",0.4
"1216","129","2021","Corallimorph",4,"REM",0.00987654320987654
"1217","129","2021","Halimeda",1,"REM",0.00246913580246914
"1218","129","2021","Limestone",1,"REM",0.00246913580246914
"1219","129","2021","Lobophora",2,"REM",0.00493827160493827
"1220","129","2021","P. damicornis",34,"REM",0.0839506172839506
"1221","129","2021","Peyssonnelia",38,"REM",0.0938271604938272
"1222","129","2021","Sediment",1,"REM",0.00246913580246914
"1223","129","2021","Turf",162,"REM",0.4
"1224","129","2022","CCA",244,"REM",0.578199052132701
"1225","129","2022","Caulerpa",1,"REM",0.0023696682464455
"1226","129","2022","Corallimorph",2,"REM",0.004739336492891
"1227","129","2022","Galaxaura",1,"REM",0.0023696682464455
"1228","129","2022","Lobophora",21,"REM",0.0497630331753555
"1229","129","2022","P. damicornis",49,"REM",0.116113744075829
"1230","129","2022","P. superfusa",1,"REM",0.0023696682464455
"1231","129","2022","Peyssonnelia",45,"REM",0.106635071090047
"1232","129","2022","Turf",58,"REM",0.137440758293839
